-1.2036, -2.6240, 0.5963, 1.3859, -1.3597, 0.6758, 1.0008, -0.9589, -1.3487, -0.5572, -0.4398, -1.1223, -0.1817, -1.3170, -0.3551, -1.4220, 0.1983, -3.0514, -1.0650, -0.8541, 1
 0.1713, -0.1669, -0.4155, -0.9974, -0.9459, -1.2382, -1.4933, -0.3869, 0.6450, -0.6253, -0.9652, -2.4557, -0.5912, -0.9731, -1.6570, -2.0039, -1.3395, -1.1801, 1.3244, 0.0202, 1
 0.7743, -0.6060, -1.9338, -0.3614, 0.3864, -1.8636, -1.4551, -1.2079, -0.5478, -1.1045, -0.3664, 0.5462, -0.2295, -1.6227, 0.6551, -1.1460, 0.9491, -2.7570, -1.1497, 0.0191, 1
-1.2444, 1.0990, -1.4684, -1.7003, 0.4510, -0.9695, -0.5761, 0.0877, 0.1058, -1.9614, 1.8583, -0.8800, 1.0000, -1.7560, -0.6727, 0.6034, -0.6858, -0.9101, 0.0747, 1.1082, 1
-0.5520, 0.3249, 0.7253, 0.2089, 0.3148, -0.2104, 0.8060, -0.3111, -2.3584, 1.4880, 0.2229, 0.9096, -0.0908, -0.4096, 1.5287, -0.1960, 0.3843, 0.1541, -0.2981, 0.5216, 1
-1.2134, 0.8617, 0.7827, 0.5640, -0.3546, -0.0342, 0.3899, -0.8766, -0.6859, -0.4462, 1.1027, 0.6983, 3.4860, 0.5943, -0.4158, 0.7896, -0.1984, 1.8550, 1.8184, -0.2744, 0
 1.2607, -0.7137, 0.9245, 0.8836, 0.4869, 1.1245, -0.0184, 0.3317, 0.2288, 1.7455, 1.2481, 0.1460, 1.3300, 1.1284, 0.3843, 1.3088, -0.9301, 1.9651, 0.4680, 0.2707, 0
-2.2536, -0.6792, -0.4980, 0.4076, -0.4197, 0.0740, -0.6893, 0.9826, 1.1957, -1.1959, 0.8036, -0.3695, -0.1974, -0.8254, -1.4248, 0.0812, -1.2324, 0.9745, -2.1115, -0.4450, 1
-0.7537, -1.4473, 0.4404, 1.0775, 0.1087, 0.2250, -0.6401, -2.2915, 1.7196, 1.1263, 0.5076, -0.4196, -0.1665, -1.8475, -1.7144, -0.6456, -1.7109, -1.2593, -1.5080, 0.7579, 1
-1.4365, 0.5020, -0.2387, -0.2735, -1.2329, -0.2054, 1.0827, -1.5309, 0.4351, 1.1018, -2.3184, 0.6757, -0.9876, 0.1904, -0.9548, 0.5906, -1.0150, -1.2867, -0.1920, 0.3759, 1
 1.2268, -0.4586, -1.9072, -2.0096, -0.8821, -1.1491, 0.7732, 0.4413, -2.0609, 0.2918, -0.1957, 0.0051, 1.0733, -0.4977, 0.3324, -1.0612, 0.4215, -0.7298, 0.2584, 0.4489, 1
-0.6421, 1.2597, 1.1962, 0.8457, 0.9736, 1.2865, 0.3038, 0.1019, 2.8203, -0.3667, 1.8319, 1.5014, 1.9451, -0.3823, -0.6084, 0.2132, -0.9558, -0.0103, 0.7390, -0.0683, 0
-0.1027, -0.7236, -1.7199, -0.1783, -1.3352, -1.5999, -0.7337, 0.0451, -0.7099, -1.0377, -0.7889, -0.0449, 1.0685, -1.5979, -1.0625, 1.2622, -0.0672, -0.5987, -0.5343, 0.2151, 1
 0.9359, 0.5244, 0.1965, -0.4045, 1.9369, -0.6769, -1.2864, 1.1142, 0.7927, 1.8205, 0.8902, 1.5043, -0.4077, 2.1274, 0.6354, 1.3877, 0.5334, 1.7521, -0.8859, -0.0785, 0
-1.1085, 0.8295, -1.0473, -1.5558, 0.6791, -0.0202, -1.5196, 0.4485, 1.3138, -0.9154, -1.0799, -1.3414, 0.6303, -0.1300, -0.1113, 0.0918, -0.6247, -0.0280, -0.6141, -1.3867, 1
 1.5553, -0.3206, 0.4814, 1.0857, 3.0023, 0.1437, -0.0528, 0.9334, 0.2056, 1.5801, 0.6177, 2.2037, 2.3668, 2.0443, -0.8073, 0.3740, -0.8872, 2.7925, 1.7735, -0.1087, 0
-1.6787, -1.7165, -1.7605, -0.7118, -0.9282, -1.0667, -0.3491, -0.7272, -1.7985, -0.5027, 0.5124, -0.5739, 1.2052, 0.8229, 1.0856, -0.0754, -0.3115, -0.8571, -2.8611, -0.4501, 1
 0.2844, -0.1248, 0.1826, 0.3626, 0.6639, -0.6476, 0.7213, 0.4483, 1.9412, 2.4296, -1.1987, 2.0342, -1.0615, 2.4175, 0.7084, 1.5081, 0.2530, 0.1893, 0.8597, -0.2967, 0
 1.0426, 0.4441, 0.3567, 0.1268, 1.4626, 1.3269, 0.9125, 1.1206, -0.0606, 1.2063, 2.6698, -0.2527, -0.1471, 0.5257, 1.1777, -0.6529, -0.7953, 0.7179, -0.0444, 1.6203, 0
 0.8624, 0.0417, 1.6588, -0.5310, 1.1934, -0.9874, 1.5866, 1.0404, -0.9764, -0.5752, 2.3094, 1.8289, -0.3514, 0.6058, 0.6665, -0.1324, 1.0751, -0.0934, 1.0898, -0.1355, 0
 0.7522, -0.1899, 0.5606, 0.3304, -0.1008, 1.4079, -0.5027, -0.4840, 0.1268, -0.4863, -1.0110, -1.2447, -0.6688, -0.1173, -0.4243, -0.5565, -0.7752, 1.8749, 0.7594, 2.3512, 0
 0.0851, -0.7642, 0.3038, 0.8198, -1.1173, -1.2455, -1.7079, -0.5012, -0.0337, -0.2093, -0.9198, -0.1980, -0.9364, -1.8025, -0.1358, -1.9476, -0.9519, -0.7416, -0.3441, 0.5475, 1
-0.8383, 0.8137, 0.9494, 0.8314, 0.5936, 1.1151, 0.9251, 1.5443, 0.8492, 1.3108, 0.4829, 2.3490, 2.5981, 0.6158, 2.7643, 0.4744, -1.6729, 0.7613, 0.9569, 0.6351, 0
 1.6971, -0.5382, 0.4609, -0.4952, 1.2847, -1.1886, 1.1339, -0.9486, 1.3676, 1.6010, 1.2129, 0.2130, 0.7559, 1.3912, 0.2784, -1.3001, -0.4163, 1.1609, -0.4601, 0.1687, 0
 1.1490, 0.9633, 0.3777, -0.2037, -0.6592, 1.2039, 2.9136, 0.5674, 1.4107, 0.7222, -0.3375, 1.4807, -0.9807, 1.6085, 0.9985, 0.2475, 1.2408, 1.5107, -0.1500, 0.1237, 0
-1.9511, 0.2898, -0.9682, -0.9885, -0.6495, 0.4074, -0.3070, 0.3553, -0.2402, -0.8768, -0.0612, -1.9158, -1.0668, -0.9470, 1.0030, -1.3164, 0.1256, -3.0595, -0.9652, 1.2911, 1
-2.0902, 0.2826, 0.5311, 0.8906, 0.0398, 1.3351, 0.2743, 0.0971, 1.5402, 1.0910, 0.6988, 1.7509, -0.6202, -1.7052, 0.6244, 1.3328, -0.1070, 1.4325, 0.5133, 1.2073, 0
 0.3460, -0.8469, 0.3073, -0.5167, 1.1393, 1.3568, 0.9330, 1.1374, -0.9421, 0.4421, 2.9961, -0.1589, 0.8809, 0.2865, -0.0080, -0.9432, 0.6535, 2.9132, -0.1082, -2.0434, 0
 0.7075, 0.3998, -0.0818, -0.8427, 0.2437, 2.0538, 0.2150, 1.3763, -1.3050, -0.2033, 0.2700, -1.1172, -0.4084, -1.1397, 0.5500, -0.5076, -0.4972, 0.8860, 2.3787, 1.0751, 0
-1.3413, 0.7071, -0.3894, -1.7727, 0.5828, -0.2171, -2.4343, 0.0025, -0.0077, -1.2153, -0.3426, -1.3633, -0.8748, -0.4961, -0.7337, -0.1551, -0.1990, -1.2072, 0.5351, 0.1769, 1
-1.2737, 1.3905, -0.4411, 0.4517, -1.4507, -0.6442, -0.4717, 0.7053, 1.3503, -0.4156, 0.2384, 1.0078, 0.8860, -1.5232, 0.6756, 0.9833, 1.5308, 0.2589, 0.1003, -0.7151, 0
-0.1769, -1.6978, -1.5334, 0.2280, -1.9768, 0.1069, -0.5774, -0.6714, -1.1332, 0.7719, 0.2564, -1.2130, -0.5503, -0.6047, -0.8091, -0.3889, 0.1346, 0.0564, 1.0598, -0.2599, 1
-1.6069, -0.2492, -2.4320, -0.6203, 0.5136, -0.9040, -0.6469, 0.1432, -1.3866, 0.6882, 0.0733, -0.6756, -0.2685, -1.9093, 0.5174, 0.0792, -0.8843, 0.3130, -0.9143, -1.3683, 1
 0.9371, 0.0505, -0.8895, -0.7496, 0.0076, -1.1231, 0.1197, -0.0030, -0.7758, -1.8778, -1.0638, -1.3011, -3.3310, -0.1272, -1.0706, -0.4879, -0.2041, -0.2326, -1.4610, -0.1735, 1
-1.4109, 0.5350, 0.3639, -0.5772, -0.0547, -1.9344, -2.1996, -1.4273, -1.1568, 1.2674, -0.9255, -0.8467, 0.1303, 0.0052, -0.3814, 0.7856, -1.5538, -1.0281, 1.7261, -0.5213, 1
-1.4728, 0.6526, -0.5887, -1.2314, 1.4335, -1.0324, 0.6999, 0.7397, -0.8122, 1.4549, -1.2524, -2.1139, -0.5315, -2.2243, 0.3871, -0.6655, 0.6178, -0.9905, -0.7957, -1.2488, 1
 1.8351, 1.0981, -0.6455, 2.0222, -0.2534, 0.7427, -0.0935, 1.0964, -1.1736, 0.9581, -0.2856, 2.1973, -2.0905, -0.8398, 2.0079, -2.0419, 2.0675, 0.7183, 1.0059, 1.7800, 0
 2.4622, 0.1680, 0.8421, 0.0459, 0.5017, 1.8559, 1.5590, -0.2945, -1.1300, 0.1215, 0.7229, 0.2166, -1.1217, 0.7313, 2.1693, -0.2770, 1.0023, -0.8635, 1.5884, 0.5078, 0
-2.8472, 1.3991, 2.3894, -0.1118, -0.3478, -2.6549, -1.6038, -0.3639, -0.3070, 0.4890, -0.3040, 0.1147, 0.5454, 0.4672, -0.3426, -0.8842, -0.2702, 0.5606, -0.4717, -0.1617, 1
 0.3853, -0.7743, -1.6799, -0.7385, -0.5065, 0.6665, -1.2168, -0.2349, -0.0700, 1.0888, -0.7377, -0.2275, -0.7977, 0.3254, 1.0648, -0.0331, -1.5656, 0.0141, -1.4358, -0.6591, 1
-1.1340, 0.7671, 1.5234, -2.0327, -0.2262, 1.7874, 0.7383, 0.9001, 1.0131, 0.3515, 1.2065, 0.2923, -0.8487, 0.3927, 0.6506, -0.9189, 0.5534, -0.1620, 1.2226, 1.9173, 0
 0.8056, -0.1297, -0.8692, 0.2394, -0.3089, 0.4473, 0.4668, -0.2317, 1.9058, -0.0415, -0.1243, 0.6362, -0.3289, -0.6570, 0.2592, -1.5637, -1.1309, 2.4788, 0.5152, 1.2602, 0
-2.0343, -1.4518, -0.2080, -1.1149, 0.3199, 1.0126, 0.2142, -2.9514, 1.0884, -1.0820, -0.8306, -0.6203, 0.2734, -0.0708, -1.1299, -2.1147, -1.3711, -0.3349, 0.7432, -1.1301, 1
 0.3431, -0.2065, -0.0582, 0.2355, -2.5652, 0.1738, 0.7949, 0.8904, 0.0293, -1.2361, -0.6683, 0.9250, 1.1256, -0.1299, -0.7382, 0.5627, -0.1280, -1.4884, 0.9246, -0.6820, 0
-0.3637, -0.0034, 0.2310, -1.3357, 1.8333, 0.4081, -0.7093, -0.1763, 0.0637, -0.4637, -0.1233, -0.4181, -0.5719, 0.4296, -0.5225, -1.1846, 0.0040, -0.1008, -2.0542, -0.3582, 1
 0.3975, -1.1279, -1.1988, -1.4314, -0.1873, -1.6196, -0.7602, -0.8741, -2.3324, 0.3645, 0.9253, 0.5312, -0.5905, -1.5170, -0.8240, -0.4296, -2.4746, -0.8375, -0.7130, -1.3519, 1
 1.6805, -0.9258, -0.0937, 0.2464, -1.0330, -1.7706, -1.2487, 0.0351, -0.4000, -0.4632, 0.2046, 0.2424, 0.4705, 0.6238, -1.2960, -1.8870, 1.2586, -0.2443, 1.8665, -1.4511, 1
 0.5283, 0.1669, 2.6369, 0.1932, 1.7476, 1.8988, 0.8558, 0.4779, 0.4476, -0.1636, -0.2842, -0.0062, 1.1600, 0.7346, -1.7294, -1.3107, 0.1396, -1.4838, 0.8917, 0.3450, 0
 0.6064, 0.9351, -0.2627, 1.1571, 1.2736, 1.2177, 0.8091, -1.0593, -0.0215, 0.6421, 0.1771, 1.2370, 1.6771, 0.7956, 0.3027, -0.1996, -0.6416, 0.0418, 0.6215, 0.8960, 0
 0.2886, 0.4991, -1.3311, 0.9328, -0.3030, 1.6860, 0.5484, 0.5402, 0.7906, 0.4490, 1.7394, 1.0946, 0.4770, 1.5651, 0.8559, -0.3973, 1.7649, 1.4677, 0.3480, -0.9644, 0
-1.3190, -1.0406, 0.2278, 0.2107, 0.1657, -0.0946, 0.6876, -1.0962, -0.3121, -1.3191, 0.8937, 0.0758, -0.6334, -0.6144, -2.4636, -1.5312, 1.0778, -0.2241, -1.7099, -1.8224, 1
 0.8945, 1.3853, 0.8183, 0.9456, -0.0506, 1.0774, 1.7774, 0.9830, -0.3283, 1.9512, -0.0647, 1.9233, 0.5300, 0.4370, -0.8953, -0.0960, 0.6377, -0.3734, -0.9387, 0.8343, 0
-0.8701, 0.5456, -1.7224, -0.4764, -0.3746, 0.8844, -1.3284, 0.1720, -1.4448, -1.2310, -0.5063, 1.1216, 0.9923, -1.3208, 2.1898, -0.6438, -0.0044, -1.0480, 1.3896, -0.1309, 1
 0.4492, -1.7159, -0.6053, 1.5420, -2.2849, -0.3464, -0.0868, 0.7383, 0.9349, -1.2743, -2.6372, -0.6378, 0.0882, -0.9884, -2.1401, 0.2390, -1.0099, 1.4092, -0.8953, 0.3217, 1
 2.3227, 1.6632, 1.0099, 0.2165, 2.2847, 0.4637, 0.8105, 2.3448, 0.1878, 1.3126, -1.6629, 1.2613, 0.6879, 1.3553, 0.9368, 1.6977, 0.1599, -1.1895, -0.9676, 0.1536, 0
 0.2320, -0.8678, -0.5917, 1.0265, -0.4873, 0.1422, 0.0307, 1.0615, -0.4757, -0.4710, -0.4662, -1.5329, -1.0808, -1.0355, -0.4424, -0.8385, -0.4228, 0.3139, -0.4497, 0.9232, 1
 0.0071, -0.5668, 1.3508, 1.1590, -0.7721, -0.1489, -0.3223, -1.1820, -2.9905, 0.0529, -1.0591, 0.6782, 0.2933, 1.1313, -2.0152, 0.6598, 0.7367, -2.0777, -0.4424, -1.1819, 1
-0.9313, -3.0227, -0.1499, -2.1441, -1.9822, -2.2053, -0.4819, -1.8108, -2.6886, -0.3731, -2.2315, -0.5451, 0.4023, 0.5805, 1.5248, -0.3561, -0.1573, -0.2113, 0.7456, -0.0628, 1
 0.4954, -0.0838, -1.2046, -0.9241, -0.1296, -1.4074, 1.3047, 0.1701, -0.5016, 1.0839, 0.3665, 0.0236, 0.9624, 0.2951, -1.7011, 0.9429, 3.1887, 0.6173, 0.2408, -0.6946, 0
 0.2590, 0.9724, 0.3766, -0.6711, 0.9983, -0.1485, 1.0596, 0.5910, 1.0219, 0.1522, 0.4087, 0.9840, 0.7939, -0.7774, 0.2306, -0.1282, 0.0875, 1.0823, 1.1105, 0.7909, 0
 0.1336, 0.9103, 0.1573, 2.0636, 1.3530, 2.5144, -1.5423, 2.1641, 1.1930, -2.0758, 1.1121, 0.5155, 1.5476, -0.9685, 0.3583, -0.3660, 0.0965, 0.3261, -0.1671, -0.9463, 0
 1.6957, -0.2080, 0.7636, 0.5256, -0.2174, 0.4135, 0.9908, -0.7280, 0.0782, -1.6106, 0.4619, 1.3764, 2.0868, 0.0896, 1.6641, 2.0777, 0.3347, 0.2534, -0.1660, 0.0357, 0
-1.0159, -0.2730, -1.1604, 0.5086, -0.3406, 0.3504, 1.8810, 1.4090, 0.2265, 0.4250, 1.5730, 0.2616, 0.6503, -1.9402, -1.9033, -0.8466, 0.8276, 0.3924, 0.3229, 0.6529, 0
-0.5370, 0.0463, 0.2819, 0.1771, -0.5326, -1.0219, -0.9146, -0.1285, -0.1269, -0.9997, -1.3398, 0.1020, -0.8245, -1.9261, -0.5761, -1.4477, 0.0346, 0.2253, 0.3940, -1.4961, 1
 0.6924, -0.0928, 0.8403, 0.9589, 2.0589, 1.1361, -0.1161, 0.7655, 1.3161, 0.1717, 0.1273, -0.4580, 1.5855, -0.0675, 0.4916, 1.4696, 1.0888, -0.6709, -0.3001, 0.7820, 0
 0.4703, -0.8229, 0.6918, -1.2593, -0.8236, -0.7983, -0.6821, -1.0102, -0.9725, -0.9121, -2.2333, 0.5192, -0.7670, -0.8140, -1.8829, 1.0561, -2.9035, -0.4160, 0.2788, -2.9776, 1
 1.6368, -0.1512, 0.5501, -0.4545, -1.6006, 0.0369, -0.7975, -0.4134, 0.5250, 0.3477, -0.3386, -0.7236, 1.0322, 1.5750, -0.8697, -1.8943, -0.8166, 1.0283, 0.6414, 0.9907, 0
-0.3764, -1.6499, -0.0895, 0.2723, -1.2910, -0.2950, 0.8359, 0.2629, -0.8133, -0.2513, -1.3410, -2.3484, -0.0510, -1.1298, -0.6249, -0.4865, 0.4024, -0.6627, 0.5693, -1.4950, 1
-2.2152, -0.3232, 1.2996, 0.5631, 0.9435, 2.2654, 2.6627, 1.0328, 0.9224, -0.6274, 2.1326, 1.1848, 2.4293, 1.0965, 2.2536, 0.1684, 0.8564, 1.4380, 1.4979, -0.4996, 0
 0.5425, 0.8128, 0.9422, -1.9035, 2.2501, 0.9018, 0.1231, 0.2210, -0.0893, 1.6560, 2.0133, 0.2072, -0.3142, 1.8501, 1.7134, -0.6486, 1.6125, 1.3247, 0.2647, 0.9181, 0
 1.2119, 1.7405, 0.6325, 1.0280, 0.0792, 1.3296, -0.2373, 1.5768, -0.0609, 0.4438, 1.4191, 0.9118, -2.3567, -0.8768, -0.1668, 1.6909, 0.6000, -0.1524, 1.3801, -0.4408, 0
 3.3239, 0.3748, -0.1478, 0.3271, -0.1621, 0.2320, 0.1866, 0.3006, -0.0545, 0.6817, -0.6525, 0.7826, 1.5477, -0.0589, -1.2980, 1.1738, 1.4156, 1.0170, 1.4432, 2.0929, 0
 1.8561, 1.0524, 0.5681, 0.2718, 0.6757, 0.7855, 1.7138, 2.4881, 0.2650, 0.7368, -1.3002, 1.3614, -1.7516, 1.7634, 0.6862, 2.0141, 0.5350, -0.2366, -1.0534, 0.9723, 0
 0.0300, 0.5066, -0.0286, 0.8808, 1.0264, -0.0206, 1.4073, -0.1765, 1.7045, -0.1691, 0.0407, 0.8613, 0.5388, -1.2294, 2.1303, 1.2017, 0.2483, 1.9971, -0.7262, 0.6014, 0
-0.0708, -0.2498, -1.5999, -1.1951, 0.9169, 1.7842, 0.4060, -0.8827, -0.7945, 1.2749, -0.3751, 1.7164, -0.8303, 1.1434, 0.9623, -0.2181, 0.4712, 0.8698, 0.5666, 0.7023, 0
 0.1241, -0.0199, 1.2309, -0.0020, 2.2805, -0.1149, -0.2108, 1.6216, -0.6639, 0.0069, 1.2614, -1.4489, 0.9261, -2.0856, 1.8962, -0.6696, 1.6861, 0.3509, -0.6154, 2.5272, 0
-0.7371, 0.5067, 0.4422, -0.5832, 1.7369, -1.5447, 0.6747, -1.1563, 0.9926, 0.0283, -0.8922, -2.0418, -1.2294, -0.5935, -1.0568, -0.6759, 0.4816, -2.9967, 0.5124, 0.6339, 1
-0.6871, -1.8864, -1.3062, -1.4878, -1.5397, -1.2323, -1.6246, -0.7635, -1.2836, -1.5939, 0.4318, -0.9880, -0.5739, 1.1120, 0.2813, 0.0278, -0.6564, -1.1809, 0.2990, -1.5648, 1
 0.4123, -0.7206, 0.9922, 0.2963, 1.3340, 0.0906, 0.7321, 0.2637, -0.8572, -0.1038, -0.0697, 1.2222, 0.6771, 0.7853, -0.1826, 1.1651, 0.7162, -0.6161, 0.4531, -0.8582, 0
-2.1566, -1.2860, 0.4644, -0.3681, -0.4450, -1.4795, 0.1183, 1.4653, 0.5435, 0.3221, 1.6373, -1.3819, 1.3066, 0.6353, 0.6218, -0.6861, 1.2409, -1.1625, -0.8792, 0.1212, 0
-1.8938, -1.0200, 0.7735, -1.4237, -0.3013, 0.0792, -0.7076, 1.8845, 0.5037, -0.3965, -0.8350, -0.0122, -0.6157, -0.8158, -0.0269, -1.7893, 0.0718, 0.6550, 1.0631, 0.1040, 1
 0.1571, -0.1903, -0.2899, -0.9306, -0.2030, -1.3212, -0.7582, 0.3982, -0.2971, -0.3180, 0.5854, 0.2935, -1.3474, -1.1311, -0.0622, -1.8812, -1.1843, -1.7244, -0.3378, -1.6687, 1
 0.2465, -0.6950, 0.6418, -0.2026, -0.8858, -0.7132, -0.8408, 1.0427, 1.4186, 0.8703, 1.2832, 0.4865, 0.4315, -0.8201, -0.0371, 0.0371, 1.1465, 1.1687, 0.5181, 1.3477, 0
-1.8976, 1.9112, 0.2389, -1.3458, 1.6785, 0.5854, 0.5846, -0.0011, -0.4627, 0.3359, -0.8149, 0.1786, 1.8225, 1.4433, -0.5880, -0.0610, 0.1960, 0.0988, 0.9792, 1.2707, 0
 0.6797, 0.7868, -1.1300, 0.2397, 2.2131, 0.5785, 0.4820, 1.0952, -1.9176, 1.1389, 0.9205, -0.4229, -0.9167, -1.3293, -0.5116, -1.3356, 0.3326, -0.0401, -0.4568, 1.7423, 0
-0.2051, 2.1656, -1.4042, 0.0556, 0.1495, -2.7121, -0.9808, -0.6879, -0.4347, -0.1430, -1.2536, -0.3746, 1.0041, -0.3758, 0.3731, -1.0644, 0.9142, 0.5791, 0.6651, -1.1100, 1
-0.1871, -0.0175, -0.9265, -1.5011, -1.4781, -0.7134, -0.5844, 1.0736, -0.7629, -1.1693, -1.1508, -0.2633, 0.4676, -0.9664, -0.0993, 2.4691, -0.3858, -0.9138, -0.3361, 0.0605, 1
-0.8092, 1.1237, -1.1604, -1.0420, -0.2817, -0.4211, 0.7407, -1.2523, -1.0204, 0.0769, -0.6905, -0.0572, -0.1042, -1.1011, -0.1335, -0.6830, -0.5447, -1.0811, -1.8110, -1.7067, 1
-0.9541, -2.9416, -1.8932, -0.3938, -2.4024, -0.0639, 0.8246, -1.0505, -0.1816, 0.1309, 1.0761, -2.3523, -2.5376, -1.5101, 0.1368, -0.9179, -0.5445, -0.2994, -0.2982, -1.0239, 1
 0.9190, -0.3194, -0.7527, 1.3388, 0.7651, 1.3998, 0.2699, 0.0486, -0.3535, 0.4411, 0.2938, -0.2008, 0.0218, 0.2071, 0.0575, -0.1181, -0.0477, 3.7287, -0.0164, 0.7831, 0
 1.6669, -0.3839, -0.2280, -0.2157, 0.3393, 1.2026, -0.6364, 0.9286, 2.3878, 0.4135, 1.0023, 1.6342, 0.4313, 0.4524, 1.0874, 1.3590, 1.7171, -1.5873, 1.6716, 3.2649, 0
-0.4078, -0.6741, -0.5181, -0.8389, -0.7595, 1.7673, 1.1598, -1.8433, -1.6239, 0.5679, 1.0690, -2.3997, -0.6052, -0.5546, 0.5001, 0.2804, -0.2928, -1.2450, 0.8426, 0.4629, 1
-0.3438, -0.1739, -0.6549, -0.7821, 2.0776, 1.3049, -0.2648, -0.6820, 0.0744, 1.3807, 0.0817, -0.1063, 0.2320, 0.5576, -0.3211, -0.3333, -0.5777, -0.3035, -0.7787, 1.5534, 0
-0.5701, 0.3868, 1.1428, 1.0844, -1.1969, 1.2536, -0.5896, 1.3643, -0.1141, 1.4762, 2.9700, 1.7832, 0.5275, 0.7804, 0.4207, -0.4631, 0.6532, 0.1684, 0.4384, -0.3952, 0
-0.8414, -0.5359, 2.9064, 0.8069, -0.1909, 0.1607, 1.0011, -0.2321, -0.5969, 0.2054, 0.5185, -1.2176, 0.8949, 0.2954, -0.1691, 2.6002, 2.9243, 1.9223, -0.3629, -0.0349, 0
 0.3672, -0.1598, 1.1018, 0.5652, -0.3960, -4.0095, -0.3687, -2.2519, -0.4834, -1.7777, -1.3169, -0.0920, -0.8363, 0.8129, -1.1099, 1.2035, -0.5026, 1.5536, 0.0900, 0.2314, 1
 0.2712, -1.1028, -1.0686, 0.8882, 0.1273, -0.4833, -0.5496, 0.2369, 0.7981, -0.4600, -0.0843, -1.3433, 0.0181, -2.0140, 0.4571, -0.0090, -0.7635, -0.3736, -0.7493, -1.5959, 1
 1.0225, 0.8488, -0.9474, -0.3643, -1.4622, -0.2601, -0.2204, -0.1968, -0.8124, -1.0681, -0.7973, 0.9472, 0.0028, -0.6349, -1.2326, -0.2305, -2.1587, 0.4701, 0.2823, -2.1474, 1
 1.3576, -0.3384, 1.3071, 1.4296, 0.3684, -1.8503, 1.3212, 1.2725, 0.9293, 0.5118, -0.1847, 0.7228, -0.2866, 1.3356, 1.8638, 0.7262, -1.3586, 1.4219, -0.4043, 1.0720, 0
 0.4113, 0.0724, 0.5778, 1.2195, 0.0798, 1.6283, 3.0247, 1.7910, -0.2165, 0.8250, 0.5674, 0.1305, -0.7001, -0.6508, 1.1458, -0.0980, 0.2389, 1.5352, -1.6901, 1.7941, 0
 1.8207, -0.9154, 1.5569, 0.2243, 1.2845, 1.0398, 1.9815, -0.1705, 0.5582, 0.0298, 0.4328, 2.1021, 0.8313, -0.9396, -0.6031, 0.6388, 0.6262, 0.1847, 0.8019, 1.3511, 0
-1.8508, -0.8228, -0.8667, -0.0957, -0.7506, -1.8986, 2.2758, 0.9871, 0.3924, 0.8006, 0.8931, -3.1581, 0.0296, -0.5082, -2.0338, -0.3167, -1.6112, -2.1758, -0.6290, -1.1709, 1
-1.0327, -0.2666, -0.8219, -0.3516, 0.3748, -1.8191, 0.5002, -1.4964, 1.2087, -0.0279, -0.2238, 0.7301, 0.8280, -0.9901, 2.3180, 0.4509, -0.1453, 0.4028, -0.8190, -1.3369, 1
-0.1729, -2.8386, -1.9871, 1.0369, -0.0091, -0.7196, 0.0124, -0.0051, -1.1443, -0.0992, -1.2674, -0.8211, -1.1314, -0.8800, -0.8052, -1.8041, -0.7628, 0.5475, -0.1663, 0.5527, 1
 3.4611, -0.0663, 0.4526, 0.3387, 2.3323, -0.0022, 0.3852, -0.1851, 1.2257, 0.5089, 1.5797, 2.3151, 0.5890, 0.0721, 1.3380, 0.7058, -0.6543, 0.7320, 0.7933, 1.0330, 0
-0.0734, 2.4218, 0.4771, 0.9015, 1.2298, 1.9884, -0.6408, 0.4229, 1.1230, -1.0139, 2.6143, 2.5188, 1.7499, -0.3540, 1.0412, 0.0374, 0.4442, -1.2014, -0.8648, -0.0195, 0
 1.1832, 0.9350, -0.0917, -0.4426, 2.1138, 1.0274, 0.2197, 1.0591, 0.8606, -0.8846, -2.3166, 1.2382, 1.0141, 0.1799, 0.9439, -0.5491, -0.1926, -0.1972, 1.3361, 1.4905, 0
-0.3529, -0.5850, -0.9779, 0.3747, 0.1138, 0.2766, 0.0106, -0.5694, -1.5568, -1.4798, 0.5310, 0.6476, -1.4087, -1.0544, -0.2633, 0.8722, -0.4233, 0.8136, -1.7567, -0.5839, 1
-1.1134, -2.0106, -1.6698, 0.4711, -0.9635, 0.6463, -0.9370, 1.3310, 0.0752, 1.3852, -1.0737, 0.5050, 0.1136, -0.1748, -0.2854, -0.0272, 1.5254, -0.3018, -0.4187, -0.2334, 1
 0.6694, -0.9636, -0.3092, 1.6757, 0.0249, 1.2136, 0.8411, 2.8854, -0.6064, 1.8004, 1.9098, 0.7848, -1.0625, 0.5294, 0.8662, 2.1532, 0.9003, 1.4023, 1.8030, 0.0265, 0
-0.6027, -0.9021, 0.6615, 0.5841, -1.4287, -0.6429, 1.4586, -1.6472, -2.1448, -1.4568, 0.0322, -1.2725, -1.0297, -0.4015, 1.0991, -2.2155, 0.9801, -1.7565, -0.3997, -0.4916, 1
 1.8369, -0.7654, -0.8878, -0.3607, 0.7786, 0.1961, -0.3068, 0.2582, 0.6493, -0.1774, -0.3653, 2.2576, 1.0745, 1.7456, 0.5138, 1.2108, 0.7255, -0.2510, 1.0366, 0.3668, 0
-0.6212, 1.2713, 0.6531, 0.1133, 1.5034, 1.2778, 0.5551, 0.2973, 1.2830, 0.4391, 0.4033, -0.1028, 0.4185, -0.3986, -0.6175, 1.1188, -0.4243, -0.4380, 0.8952, -0.8230, 0
-0.9358, 0.7067, 0.2576, 0.5212, 0.6177, -1.4887, 1.7496, -0.0011, 0.7035, 3.0645, -0.9855, 1.4091, 0.4002, 2.2268, 2.2012, 1.5412, 0.1480, -1.9874, 0.7132, -0.6529, 0
 0.5642, 0.4558, -1.2332, 1.1382, 0.8484, 0.3554, 1.7208, -0.5833, -2.0298, 0.3906, -0.5480, 0.2350, -1.6462, -2.0736, -1.9821, -0.9085, -0.2088, -0.6068, -0.7392, -1.3675, 1
-0.6302, 0.7520, -1.5985, 0.0631, 1.1767, -1.6683, 0.7911, 1.5351, -1.6554, -1.2818, -0.1032, -0.6549, -0.2763, 0.2223, -0.0504, -0.3175, 0.6381, -0.5290, 0.0672, 1.5635, 1
 0.6104, -0.3196, 0.5808, -1.0725, 1.2865, -0.4071, -0.7848, 0.4923, -0.0644, 0.5000, 1.0003, -0.2123, 0.1670, 2.0626, 0.4544, 1.6184, 1.2476, -0.4562, -0.5185, -0.8374, 0
 1.5123, 0.2475, 0.9883, -0.8697, -2.0025, -0.3425, -0.5750, -0.2403, 1.7034, -0.4794, -0.7267, -0.1034, -0.8705, 1.3768, 1.5294, 0.3869, -0.6122, 0.4881, -0.5028, -0.7970, 0
 1.2546, 1.7375, -0.8419, 0.7722, 0.8900, 0.9582, -0.1813, 0.0411, -0.1338, 1.5508, 2.2292, 0.4811, 0.4552, -1.2198, -0.0229, 0.1377, 0.5015, -0.0747, -0.5722, 1.3052, 0
-1.1412, 0.2697, 2.6835, 2.0797, 1.5099, -0.3040, -0.4762, 0.7476, -0.3041, 0.1958, -2.2203, -1.3020, 0.0720, 0.6889, 0.1090, 0.5126, -0.4005, 1.0775, -0.7404, 2.5050, 0
-1.2846, -0.6913, 1.5809, -0.8904, 0.4677, -2.0672, 1.9830, -1.2514, -1.4249, -1.5498, 0.2690, -0.2932, -1.5600, -0.7238, -0.9460, 0.7757, -2.4344, 0.9144, -0.6312, -1.8304, 1
 1.0337, -1.1098, -0.9947, 2.2808, -0.4831, 0.0695, 0.3824, 0.0935, -0.7010, 0.5996, -0.7420, -1.3326, -1.3046, -0.0691, 0.2735, -0.6731, 1.0439, -0.5884, -1.7190, -0.2466, 1
 1.6395, 1.2003, 1.2225, -0.5640, 2.7722, -1.0798, 0.1386, 0.1163, -0.3212, 0.8893, 0.3716, 2.5541, 1.2442, 0.5220, 0.4381, -0.0254, 0.3545, -0.7734, 0.6567, -0.5059, 0
 2.0004, 0.2112, -0.9163, -0.4539, 1.2557, 0.9075, 0.2722, 0.5025, 0.9893, -0.6535, 1.1602, -0.8444, 0.9737, 0.3020, -1.4556, -1.2100, -1.2413, 1.0286, 0.6405, -2.0054, 0
 1.5064, 0.0363, -1.8831, -0.7856, -0.1014, -0.6696, 0.2890, -0.1491, -1.0674, -0.3086, 0.8751, 0.1330, 0.1953, -1.2490, 0.8082, 0.6296, -0.9731, -1.4888, -0.2930, -0.3567, 1
 0.4914, -0.7645, 0.4374, 1.8827, 0.5157, 0.1709, 1.6659, 0.9026, 2.2798, 0.0740, 1.7305, -0.4546, -0.2542, 0.7440, 2.5231, 0.7623, -0.2422, 1.6344, 1.8023, 1.1674, 0
-0.1704, -1.3213, -1.0796, -0.4417, 0.4686, 0.3107, -1.1929, 0.0657, -1.4934, -0.8012, -0.7197, -1.1155, -0.0813, -0.6888, -0.9202, 0.8387, -1.2036, -0.5336, -0.0207, 0.0559, 1
-1.2778, -1.0134, -1.9670, -0.2728, 1.0498, -1.0225, -2.2128, 1.6388, 1.6427, -0.4302, -2.2651, -1.4099, 0.0912, -0.1226, -1.7299, -0.8715, -0.6157, -0.3742, -1.5935, 0.6066, 1
-1.2032, 0.9064, -1.1301, 1.5268, -0.9889, 1.3497, 0.3064, -0.2133, 2.8370, 0.5614, 1.2491, -0.3957, 0.5326, 1.9031, 0.7114, -0.8453, 1.3188, 1.0552, 0.1087, -0.5661, 0
 0.3820, -0.3299, 0.8539, 1.5817, -1.3204, -1.2073, 1.9454, 0.4681, 0.1568, 0.0149, 0.7313, -0.3574, 0.0282, 1.1003, 0.4840, 0.1991, 0.4679, 0.0275, 0.8837, -0.7772, 0
 0.2695, 1.2942, -0.0913, -1.1854, -0.3612, 0.1462, -1.7243, -2.5025, 0.2780, -1.3383, 0.5655, -2.2152, -1.2691, -0.8136, 0.1326, -0.2536, -1.1754, 1.2332, -1.0529, -1.7052, 1
-1.4195, 2.2242, -2.2643, -0.7709, -0.7200, 0.2001, -1.3024, 0.3812, -1.0219, -1.3360, 1.7125, 0.0774, -1.1584, -0.8842, -2.0058, -2.2711, 1.2615, -0.1471, -1.7355, -1.4579, 1
 1.0772, 1.7659, 0.2379, 1.0911, -2.6120, 2.2107, -1.9988, -0.3750, -1.1374, -1.7219, -1.9590, 1.8876, -1.8072, -1.8889, -0.6385, 0.0612, -0.7593, -0.2851, -0.1333, -0.9027, 1
 0.7602, 0.1821, 0.5378, -0.5044, -0.4964, -1.4642, -1.1987, -1.2792, 0.2223, -0.6832, 0.5973, -0.7613, -1.3826, -0.7436, -1.7234, -2.1783, 1.1156, -2.1696, -0.6603, 0.5221, 1
 0.1836, -1.6489, 0.1160, 1.1347, -0.6402, -0.7471, 0.7196, 1.4683, 1.1349, -0.1870, -0.0870, 0.2523, -0.5881, 0.9999, -0.5632, 0.9919, 2.2057, -0.6051, 0.5713, -0.0734, 0
 1.7911, 0.1481, 1.0344, 1.1742, 1.0319, 1.0386, 2.9980, 0.9981, -0.3629, -0.3369, -0.4070, 0.1261, 0.2776, 1.7855, 1.2430, -0.5127, 1.9589, 1.1795, 0.1345, -0.9288, 0
-1.5949, -1.0319, -1.5515, -2.1611, 0.5365, -1.5597, -0.1645, -1.0763, -0.0894, -0.3997, -0.5541, -0.8419, -0.0066, 0.1935, -0.6066, -0.9653, 0.0828, 1.4170, 0.1870, -2.3656, 1
 1.5011, 1.2312, 2.3779, -0.7710, 0.1854, -1.3630, 0.5278, 1.4905, 2.7915, 1.4450, -0.8534, 1.1536, 1.5572, -0.3868, -1.6346, 1.2204, 0.6294, 0.2165, 0.8762, 1.5599, 0
 0.4950, 1.1478, 0.3115, -1.8863, 1.4947, -0.3074, 0.0533, 0.2979, 1.2996, -0.6514, -0.7748, -1.3915, 1.8722, -0.3422, 0.2788, 0.7807, 0.1544, 2.4000, 1.9974, -0.6402, 0
-0.6503, 0.3057, 1.5060, 1.6261, -0.0431, 0.7050, 0.5947, 0.7960, -0.0285, 0.7425, -0.1369, 1.5872, 3.0643, 0.4377, 0.3988, 1.2818, 0.5320, 1.7417, 1.4305, -0.5752, 0
-0.2743, 0.6359, 0.4311, 1.0366, 0.5216, 0.1456, 0.4528, -1.2416, 0.7045, 1.7517, 0.3857, -0.5591, -1.2468, 1.9436, 0.9786, 0.0240, -0.4155, -0.2392, 0.5761, 2.1460, 0
-0.6501, 0.3698, -0.6828, 1.4107, -1.8850, -0.5426, 1.9726, 0.4945, -0.3345, 0.7697, -0.7166, 0.1885, -1.0699, 1.2831, 0.9029, -1.8071, 0.6056, -1.0551, -0.0933, -0.7695, 1
 1.5585, 1.0500, -0.8493, 0.4209, 0.6339, 1.1662, -0.1200, -1.6608, 1.0731, -1.0151, 0.7597, -0.1890, -0.3233, 0.6602, 0.3261, 1.2655, -0.0850, 2.1210, -0.2506, 1.7572, 0
 1.3558, 0.2179, 0.5134, 1.2989, -0.2422, 1.3813, 0.7468, -0.2706, -0.2748, 1.2669, -0.0080, 1.0609, -1.4880, 0.0843, 1.7920, 0.8292, -0.2216, 0.5019, 0.2997, 3.0733, 0
-1.1592, -0.2791, 1.1188, -0.1153, 0.2247, -0.8184, -1.4046, 0.4045, -0.4925, -1.6914, 0.0048, -1.6463, -0.3773, -0.1606, 0.3005, -0.5603, 0.7515, -0.4618, 0.1723, -2.2514, 1
 2.2218, 1.2973, 0.0677, 0.5178, -0.2752, 0.9986, 0.2618, 0.8384, -0.1920, 0.8729, -1.2779, 0.2842, 2.4408, 1.1234, -0.2201, 0.1498, -0.7069, -0.1143, 1.3112, 0.3307, 0
 0.8637, 1.6985, 0.1479, 0.0945, -0.2657, 1.3480, 0.9546, -0.1677, 0.1298, 1.5494, 0.2697, -0.7556, 0.1118, 0.3191, 0.0828, -1.4117, 1.2678, 1.3558, -0.8568, -0.5047, 0
-0.4920, 1.7757, 1.1413, 1.3723, 0.9572, 0.9785, 1.1406, 1.6551, 1.1910, 0.0637, 0.3548, 0.2165, 1.1407, 0.0426, -0.6197, 0.5584, 0.3208, 0.3929, -0.0874, -0.1437, 0
 1.2112, 0.7077, -0.5377, 0.3335, 1.6947, -2.0127, -1.9396, 2.0138, 0.1550, 2.5008, -0.8319, 0.0741, 2.6295, -0.0368, -1.0794, -0.1096, 1.5028, 0.9742, 1.0551, -1.0915, 0
-0.5875, 0.1775, -0.6258, -2.6287, 0.5138, -2.0378, 0.7294, 1.2552, -0.6694, -0.5302, -1.6096, -0.8440, -0.1172, 0.1803, -2.2307, -0.3873, -0.6359, -1.1302, -1.3067, -1.4898, 1
-0.2384, -0.1355, -1.0582, -2.2433, -0.7991, 2.1589, 1.4610, 1.2517, -0.7543, -1.1126, -1.4551, -0.5094, -0.4680, -0.7892, -0.7063, -0.4033, -2.5732, 1.2427, -1.1851, -0.3979, 1
 0.0598, -1.4950, 0.3260, -2.5066, -0.6614, -0.9855, -0.2451, -0.9858, -1.4889, -1.2476, 1.3364, -0.6003, -1.8509, 0.3054, -0.7274, -0.1172, 0.1351, -1.7758, 0.1946, 0.5765, 1
 1.1640, -0.8837, 0.3927, 0.5153, 1.0715, 1.3735, 1.9539, 0.3034, 1.0727, -0.1402, 1.2020, 0.0051, -1.3201, -0.1964, -0.2513, -0.6708, -0.4074, 0.7751, -0.3236, -0.3709, 0
-1.5159, -1.6066, -0.8500, 0.3124, 1.1958, -2.1176, -0.6385, -0.0612, -0.3323, -0.3391, 2.0281, 0.1516, 0.4670, 0.2467, 1.1569, -0.7790, -1.2893, -0.1675, -0.3318, 0.8119, 1
-0.6820, -1.6979, -0.5110, -2.3716, -1.3480, 0.8185, -0.2166, -0.7100, -0.6876, -0.6247, -1.2434, -1.8939, 0.9108, -0.2051, -2.3485, -1.1176, -2.4592, -0.2533, -0.4486, -0.9033, 1
-1.4540, 0.3955, -0.8635, 2.5793, 0.2855, 0.6369, 1.9813, -0.1677, 0.4690, -1.9398, -0.5852, -0.1372, -1.6507, 0.4375, 1.1141, -0.8026, 0.3044, -1.1176, -1.7232, -0.4082, 0
-2.7680, -0.2801, -0.4708, 0.5261, -2.2170, -1.3181, -1.1973, -2.0397, 0.3134, -1.2022, -0.6023, -2.4223, -0.8995, 1.2720, -0.6066, -0.8735, -1.4531, 0.4647, -0.4250, -1.2360, 1
 0.9432, -1.5429, -1.3887, 0.2025, -0.0170, -0.4629, 0.2241, -0.8631, -1.3886, -1.0156, 0.8200, -1.0834, 0.5778, -0.4345, -1.3736, -0.7272, -0.7706, -0.1508, 0.5211, -0.8927, 1
-0.1313, 0.3293, 1.4057, -0.3618, 0.8739, -0.9009, 1.3012, -0.3122, 1.1430, 0.4874, -0.4678, -0.7115, 0.2345, -0.7234, -0.0103, -2.8741, 0.2698, -0.7545, 0.2147, 0.6934, 0
 0.8902, -0.1122, 0.1011, -0.4224, 0.3569, 0.7479, -2.1706, -1.5645, 1.0706, -1.0148, 1.3004, -0.8050, -1.1022, 0.5401, -0.4293, -1.6257, -0.2892, -1.3010, 0.8197, -0.2442, 1
-2.3599, 0.0549, 0.1090, 0.4190, -0.5286, -0.5632, -1.2621, -0.8459, -2.2227, -0.8877, 0.6191, -0.5461, -0.4487, 0.0242, 1.2926, -0.9321, -1.2259, -0.2059, 1.0464, 0.1003, 1
-0.0069, 1.6558, 1.0331, -0.4443, -0.4203, 2.2181, 0.4232, -0.4033, -0.0340, 1.1088, 0.4307, 0.6073, -0.1307, -1.1334, -0.6795, 1.0942, 0.8188, 0.6553, 1.9354, 0.2613, 0
-1.2865, -2.1127, 0.1319, -0.2899, -0.2010, -1.5022, -0.8033, 0.3854, -0.8921, -0.7995, -1.7579, -1.5156, -2.1244, -0.5414, -0.8467, -0.6546, 0.3393, -0.4702, 0.9442, 0.6780, 1
 2.1935, -0.8265, -0.5127, -0.5227, -1.5675, -1.5134, -2.1444, -0.7548, 0.5638, 0.0051, -1.9038, -0.2321, 0.9821, 0.4230, -1.4850, -1.4563, -0.0198, -0.1985, -1.6849, 2.1945, 1
 1.3889, 0.4005, 0.0331, -2.4193, -2.1792, 0.3653, -1.8794, -0.7819, -0.6922, -0.2311, -1.6712, -0.3008, -1.0514, -1.5865, -0.8304, -1.4074, 0.7858, -0.4600, -0.0492, -1.4472, 1
-0.9831, -1.1512, -1.3544, -1.3134, 0.3820, 0.7295, -0.8752, 0.4776, 0.5818, -1.9209, -0.6255, 0.2231, -1.7685, 0.5710, -0.0351, -1.2716, -0.3920, 0.5287, -0.8185, -1.9551, 1
 1.1020, 1.4062, 2.1571, 1.0272, 1.3432, -0.4421, 1.1323, 0.1317, 1.4432, 0.5957, 0.2387, 0.4157, -0.6228, -1.0954, 1.6253, -0.1693, 0.4458, 1.0377, 1.6448, 1.1790, 0
-0.4755, -1.6219, -1.8902, -0.8604, 0.9495, -1.2354, 0.0378, -0.8273, -0.2135, -0.3091, -0.6766, -1.7074, -0.9979, 1.3565, -0.6322, -1.3966, -1.9899, -1.0190, 0.0788, 2.0192, 1
 0.7752, 0.1523, -0.1635, -0.9470, -0.7893, -0.3310, -0.2016, -0.7313, -1.4266, 0.3129, 0.4865, -0.5281, -1.4668, -0.8032, -1.5035, 0.4892, 0.1737, -1.1898, -1.0152, -0.2682, 1
 1.7948, -0.0024, 0.5903, 0.6928, -0.4947, 1.0991, 0.7795, 1.4210, 2.2021, 0.9669, 0.9367, -0.7744, 0.0257, 0.9652, 0.1976, -1.1317, -0.0052, 0.2559, -1.1402, 1.2651, 0
-0.9064, 0.2717, -0.1419, -0.3199, -1.2025, -0.3616, -1.5594, 0.7544, -0.6327, -0.6961, -0.3072, 0.2209, -1.8906, 0.6634, -0.9098, -2.4079, 0.2176, -1.5095, 0.1015, -0.3521, 1
-0.6612, -0.6629, 0.5305, -1.2897, 1.8863, 0.4244, -0.5078, -1.7047, 1.2283, 0.4909, 1.1962, 0.9040, 1.1787, 1.4622, -0.7084, 0.2639, -0.7416, -0.1682, 0.1212, 1.5756, 0
 0.9034, 0.2431, 1.5505, -0.0813, 0.2110, 0.1598, -0.0694, -0.6111, 0.6261, 0.2187, -0.3837, 1.4870, -0.0956, 0.2873, 0.2858, -1.9596, 1.4031, 1.8559, 0.9544, 0.0634, 0
 0.9488, 0.4590, -0.3344, -0.2852, -0.5593, 0.2885, 1.4666, 1.7586, -0.9574, -1.0874, 0.9421, 0.6396, 1.1302, 0.3629, 1.3361, 1.3575, 1.5562, 0.3903, 1.3395, -0.0352, 0
-2.5397, -0.6602, -0.3480, -0.5732, -1.0333, -1.9173, -1.0013, 0.1514, 0.6168, -1.9103, -2.3753, 0.2336, -1.6356, -1.3290, 0.9854, -1.1915, 1.5515, 0.0450, -2.0410, -1.5338, 1
-2.3268, 1.0902, -2.4780, -0.1419, -0.6481, -1.1420, 0.3152, 0.1720, 0.1276, -1.4383, -0.5921, -0.4829, -0.8610, -0.7148, 0.4680, -1.0740, 0.3353, -1.5552, -0.4511, 0.9770, 1
 1.7382, -0.3634, -1.2674, -0.5634, 1.1460, 1.3287, -0.9547, 0.2850, 0.9443, 2.3776, 0.8682, 1.2009, 1.0600, 0.4079, -0.3069, -1.1271, 0.2434, -0.9843, 0.7675, 1.4622, 0
 1.1143, -1.9875, -0.3446, 0.3078, -0.5760, -1.4548, -1.6135, -0.6983, -1.4000, 0.9817, -1.2032, -1.3495, -1.5899, -0.1689, -1.3148, -0.3029, -0.4548, -3.1660, -0.1463, 0.4583, 1
-1.0553, 1.3396, 1.6130, 1.5118, -0.4556, 0.0418, 0.7234, 0.1942, -0.5151, 0.8868, -0.5836, -0.2538, 0.6610, -0.9298, 1.4294, -0.6706, 0.2477, 0.4641, 0.7291, 0.2307, 0
-1.9856, -0.5900, -0.1611, 0.7728, 1.5152, -0.2751, -0.8757, 1.1373, -0.0517, 1.0438, 0.9595, 1.1005, -0.2105, -1.3878, 0.7761, 1.2188, -0.2764, 0.8678, 1.5895, -1.3180, 0
 1.8141, 1.9258, -0.7510, -0.9516, 0.5169, -0.8775, -1.3272, 0.8548, -0.9394, 0.9079, -1.3603, 1.0476, -0.5938, -1.1261, -2.1271, 1.9243, 0.8797, -2.3918, -1.2527, -0.5895, 1
 1.9773, 0.7263, 0.4609, 0.9878, 0.3769, 1.8926, -1.6213, 0.6346, 2.0634, -0.4117, -0.4107, 0.9061, -1.2262, 0.9983, 1.9886, -0.3788, -0.5505, 0.3921, -0.6636, -0.0599, 0
 1.5687, -0.3466, -0.9424, 1.4462, -1.5808, -1.3629, -0.0006, 1.7018, 1.2660, -0.2701, -0.3113, -1.2192, 0.5051, 2.5016, 1.9038, 0.0738, -1.0779, 1.6291, 0.1756, 2.3683, 0
 0.1695, -0.3518, -0.4010, -1.4486, -0.3911, -1.1984, -0.4481, 0.3354, 0.3169, -1.0904, 0.7289, 2.0574, 0.4726, -0.9218, -0.5179, -0.1847, -0.5082, 0.4821, -1.0430, -0.0190, 1
-1.1147, -2.3468, 1.1849, -1.7081, -0.0482, -0.3266, -1.3694, 0.8897, 0.8392, 0.7231, -0.9938, 0.3422, -0.3000, 1.3800, -1.7311, 0.7548, -0.9565, 0.2846, -0.3376, -0.7580, 1
-0.4318, 0.9809, 0.5649, -0.0313, 2.4869, 1.8877, 1.8078, 1.1813, -0.3995, -0.7298, 0.8028, 0.8902, -0.4905, -0.2475, 0.2964, -1.0789, 1.1933, -0.0595, -0.7491, -1.3357, 0
-1.3683, 2.0721, 2.2469, 1.6485, 2.4887, 2.2776, 1.3658, 0.5174, -0.3272, 0.6712, 0.1314, 0.7756, -0.9811, 2.1594, 1.7584, -0.0530, -0.2170, 0.3295, 0.6464, 0.1068, 0
 0.5542, -1.1781, 1.2082, -0.3703, 1.4749, 0.9522, 0.7809, 0.0668, 0.5097, 1.8021, 1.5723, 1.3611, 1.1560, 0.1689, -0.5949, 0.4158, -1.4102, -0.0504, 0.2169, -0.3620, 0
-1.0009, 0.4290, -2.4286, 0.9284, -1.0919, 0.1114, -0.6889, -0.4789, -0.6947, -0.4843, -1.5819, 0.0787, -1.2894, 0.5134, -0.8102, -0.7757, -0.4917, 0.6616, -2.1876, 1.3101, 1
-0.0194, -1.1389, 0.3844, -0.0999, 0.8409, 1.5232, 0.6066, 0.8282, 0.1601, -0.2881, 0.4531, 1.6761, -0.1889, 0.1740, 0.6682, 0.1369, 1.0022, 1.7153, 1.0427, 0.8104, 0
-0.8211, -0.4452, -1.0215, 1.3017, 0.2588, 0.6459, -0.9671, -1.2556, -0.8968, -1.1317, -0.4266, -1.5045, 0.2387, -1.0904, -0.1538, -1.5693, -0.8227, -0.3659, -0.3619, -0.6589, 1
 0.3063, -0.2118, -0.6531, -0.7741, -0.2232, -1.3588, -0.0977, -1.6331, 0.6141, 0.4380, 0.9045, 0.5834, 0.2653, 0.4497, -0.1526, -3.0356, 0.0008, 0.2884, 0.0909, 0.6468, 1
 3.0936, -0.3410, -0.0105, 2.3978, 0.9894, 0.0648, -0.2006, 2.9017, 0.9140, -0.5128, -0.5346, 2.0012, 0.8079, 1.6760, -0.0090, -1.2178, 1.1067, 0.8448, 2.8656, 0.6139, 0
-0.0995, 1.0458, 0.3554, 0.4624, -0.5172, 0.5765, -0.2020, -0.7085, -1.4282, 0.8069, -1.2094, -1.6428, 1.2813, 0.2822, -0.7881, -2.2424, -0.7039, -0.5370, -1.2265, -0.8115, 1
 0.6533, 1.6961, 0.4165, 0.9913, 0.1379, 0.3308, 0.4680, 1.6217, -0.4404, 0.8406, -0.3609, 1.9701, 0.5138, 1.0408, 0.5586, 1.6202, 0.6405, 0.7886, 1.4380, -1.2055, 0
 1.1022, 1.7578, 1.0490, 1.7747, 5.6395, -0.4566, -1.2718, 0.4590, -0.4854, -1.4027, 2.4607, 0.7671, -1.0518, 0.4792, 1.8510, 0.6914, 0.8569, -0.2518, 2.1000, -0.3630, 0
-0.2265, -0.4313, 2.0203, 1.6376, -1.4630, -0.7972, -0.1226, -1.4740, -1.6119, 0.4042, 1.5482, -0.9064, 0.8973, 2.3214, 0.5289, 0.2750, 0.6473, 1.5926, -0.9337, -1.3535, 0
-0.1733, -0.4724, -0.1919, 0.2732, -0.3845, -0.0579, -1.9688, 0.9775, 0.4159, -0.6721, -1.9746, -2.1100, -0.0964, -1.3825, -0.8572, -0.1729, -1.1515, -0.3960, -1.3344, 0.3546, 1
 0.6285, 0.9687, -0.1672, 0.6664, 1.7100, 0.3039, 0.1410, 0.7432, -0.4005, 0.6688, -1.3226, -0.2236, 0.3525, -0.7575, 0.6117, 0.2471, -0.6682, -1.3225, -0.7416, 3.4198, 0
 1.6737, 0.0447, 1.4647, 0.2189, 0.8391, 0.9749, -1.3165, -0.9246, 0.5307, 0.9398, -0.1729, 0.8514, 0.3775, -0.0087, 0.6252, 0.6111, 0.9769, 1.2127, -1.0513, 1.8978, 0
 3.5320, 2.2661, -0.6999, -0.4032, 1.2530, 1.9023, -0.1261, 0.7945, 0.7473, 0.0213, -0.0232, 1.2942, 0.8317, -0.1670, -0.0711, 1.1705, 2.1066, 0.9664, -0.1600, -0.5590, 0
 1.3990, 0.4178, 0.0825, 0.4712, 0.1377, -1.4261, 1.5333, 0.3699, -0.2037, 0.7471, 0.3248, 0.4724, -1.2233, -0.7772, 0.7312, 1.5000, 1.3428, 1.2360, -0.6035, 1.6074, 0
-0.9709, -1.0062, -0.9848, -0.7359, -0.0071, -1.3795, -0.4378, -1.7884, 0.3070, 0.6978, -1.8041, 0.9132, 0.0491, 1.2622, 0.0170, 0.4532, -0.4332, 0.2778, -0.8396, -1.9353, 1
-0.7698, 0.4414, -1.3406, -1.4295, 0.4017, -1.0486, -0.5794, -0.3303, -1.1363, -0.2948, -0.2844, 0.1311, 0.5000, 0.6330, -1.5340, -0.3608, -0.3180, -1.5840, 0.1676, 1.0581, 1
 0.6631, 0.9346, 1.1184, 1.2690, 1.5155, 0.5974, 2.0063, 0.8625, 0.3581, -1.6847, -0.0015, -0.5032, 0.7810, 1.5689, 0.8688, 0.2161, -0.4866, -0.4143, 0.1993, 2.1013, 0
 0.5291, 1.6531, 0.9273, 0.4083, 0.9807, -0.7507, -0.9456, -0.2407, 1.3581, 0.7306, 0.2413, -0.7729, 0.1328, 0.2620, 1.0511, -0.1198, 0.6202, 0.6533, -0.7686, 0.2286, 0
-0.0107, -2.8572, -1.5440, 0.1489, -1.5770, 0.5372, -2.9487, -0.9928, -0.0924, 0.3396, -2.0670, -1.1425, -0.0231, -1.2427, -1.5006, -0.2708, -0.5954, -1.2200, -1.9281, -0.9898, 1
 0.1638, -2.2569, -2.4675, -0.0783, -0.3776, -1.2369, -1.8781, 1.9108, -1.8160, -1.1933, -0.9620, -0.7593, -1.2052, -0.1985, -0.5594, -0.6576, -0.7364, 0.0770, -1.6389, -0.3309, 1
 0.9772, -0.7061, 0.8314, 1.2080, 0.0586, -0.2470, 0.5918, -0.7369, 0.5652, 0.2167, 0.3582, 1.0366, 0.5834, 0.6420, 1.5581, 0.3032, -0.0196, -0.3321, 0.4796, 0.7948, 0
-2.5657, 0.6569, 0.5310, -0.5148, -0.1577, -0.2115, -0.2000, -2.2426, -0.4172, -2.8305, 0.7429, -0.3181, 0.1781, -0.5719, -1.3106, -1.7272, -0.5852, 0.5554, -0.7049, 0.0273, 1
 1.6625, 0.2293, 0.4445, 0.0431, 0.3253, 1.1379, 1.0221, -0.0179, 0.2151, 0.8397, -0.9827, -2.3787, 0.0224, -0.1587, -0.4630, -3.3292, -0.9794, -0.8676, -0.8446, -0.8211, 1
-1.1138, 0.2081, -0.1134, 0.3210, -0.6645, -1.5024, 0.1050, -0.5602, -1.5915, 0.0089, -1.0339, -0.3488, 0.3536, -0.2079, 0.8641, -0.7322, 0.3984, -0.8981, -1.0981, -0.1168, 1
 1.6238, -0.7673, 0.6715, 2.2028, 0.7420, 0.4112, -1.0489, 1.5460, -0.4467, -0.0968, 0.9065, 1.1738, 0.4253, 1.9271, 0.7317, -0.2109, -0.9515, 0.1704, 0.1517, 0.7467, 0
-1.7451, -1.1937, -1.4089, 0.1408, 1.0171, -2.4481, -0.0642, -0.2165, -0.3128, 1.2732, 0.4188, 0.2647, 0.2495, 0.7932, -1.0872, -2.2726, 0.9063, -2.6215, -0.5152, -0.1701, 1
 1.3799, 1.2112, 0.0661, 2.2473, -0.9480, -0.0023, -1.8407, 1.1446, 0.8754, -1.0955, 1.1864, -0.2041, 1.1025, 1.3926, 0.7059, 1.3008, 0.7231, -0.6497, -0.8962, 0.7779, 0
-1.6536, -1.7570, -1.3755, 0.2112, 1.3841, -1.6824, 1.7668, -1.0947, 0.1071, -1.8828, -0.3084, 0.7166, -1.1274, -0.0039, -0.8480, 1.3545, -1.2067, -0.7096, -2.0032, 0.7460, 1
 0.5473, 1.4114, 0.0028, 1.2025, -0.5689, 1.3283, 1.0518, -0.8997, -1.2064, 0.7973, 1.3561, 1.1201, -0.1978, 0.9920, 1.0946, 0.3024, -0.4455, -1.2433, 1.5482, 0.7649, 0
-0.1762, 2.4621, 0.3145, 1.6559, -0.8042, 0.9046, -1.6408, 0.4564, 1.7090, -0.7410, 0.2994, -0.0020, 1.6191, -0.3735, 1.5289, 0.0153, 2.2993, 0.0547, -0.3613, -0.0184, 0
 1.2670, -2.2921, 0.5144, -1.3689, -0.8694, -0.0715, -1.2923, -1.0114, 0.1207, 1.2103, -0.2321, 0.6116, 0.5991, 0.9330, 1.6068, 0.5637, 0.0890, -0.5622, -0.5125, 1.3531, 1
 0.7603, -1.2782, -1.5045, -0.9850, -1.9287, 0.1881, -0.2399, -0.1114, 0.1261, -0.9501, -1.2136, 0.4436, 0.1806, -0.3028, 1.1273, 0.9028, -0.1112, -1.9571, 0.6254, -1.6539, 1
-0.3487, -0.1651, -1.0462, 0.2314, -0.6075, -0.8947, -2.0519, -0.3278, 0.1177, 0.5379, -0.8024, -0.6591, -0.2132, -0.6782, -1.0854, -0.4628, -0.9838, -0.2345, -1.0146, -0.5957, 1
 0.3722, -0.7044, 0.7452, -1.0058, -0.3390, 1.7065, -1.1525, 1.3951, -0.3850, -0.1444, 0.7544, 1.8133, 0.2215, 1.6584, -0.2650, 2.7077, -1.2562, 0.0378, 0.0943, -0.6190, 0
-0.2227, -0.5796, -2.3750, -1.7084, 0.2139, 0.0341, 0.3530, 0.2045, -0.0605, -1.3386, -0.1382, 0.1348, 1.1592, -1.6584, 0.0729, -0.1370, -1.3031, 0.2995, -0.3515, -0.4955, 1
-1.5859, -0.1674, 1.3199, 1.1480, 2.0749, 0.6717, 0.1170, 0.3065, 1.4412, -1.1808, 1.1253, 1.3067, 0.8357, 1.3161, 1.4940, 0.4571, 0.4018, 1.5531, 0.3146, 1.0061, 0
-0.9493, 0.1043, -0.7550, -1.5453, 0.7027, -1.2373, -0.7619, -0.8133, -1.0659, -1.5025, -0.9867, -1.9679, -1.6947, -2.1954, -0.1614, 0.6789, 0.0160, -2.8100, -1.0208, 0.0611, 1
-2.3260, 1.5469, -0.7968, -1.7062, 0.5697, 0.9865, 0.8812, 0.5848, -0.5006, -0.0771, -0.4194, 1.0936, -1.3745, -1.1089, 0.3718, -1.0948, 0.6658, -0.2904, -0.6972, 0.1225, 1
-0.8091, 1.2597, 0.7674, 2.5257, -0.1014, 0.3115, -0.4611, -0.8572, 0.9031, 1.1387, -0.3238, 0.6320, 0.3742, -0.0155, 0.0773, -0.1732, 0.8291, 0.6930, 0.1772, -0.0907, 0
